ISIN,Name,Description,Clean Price,Yield (%),YTM (%),Coupon,Industry,Maturity,Issuer,Callable,Currency,Issue Date,Pricing Date,Status
USP5015VAS53,GUATEM 6.55% 2037-02-06 USD,6.55% BD REDEEM 06/02/2037 USD 1000,106.726,5.722068,5.641251,6.55,Government,2037-02-06,Guatemala,Y,USD,2024-08-06T00:00:00Z,2025-12-31T00:00:00Z,Active
US401494AZ28,GUATEM 6.55% 2037-02-06 USD,6.55% BD REDEEM 06/02/2037 USD 1000 - 144A,106.726,5.722068,5.641251,6.55,Government,2037-02-06,Guatemala,Y,USD,2024-08-06T00:00:00Z,2025-12-31T00:00:00Z,Active
USP5015VAK28,GUATEM 5.38% 2032-04-24 USD,5.375% NT REDEEM 24/04/2032 USD 200000 - Reg S,100.926,5.199594,5.13627,5.375,Government,2032-04-24,Guatemala,Y,USD,2020-04-24T00:00:00Z,2025-12-31T00:00:00Z,Active
US401494AS84,GUATEM 5.38% 2032-04-24 USD,5.375% NT REDEEM 24/04/2032 USD 200000 - 144A,100.926,5.199594,5.13627,5.375,Government,2032-04-24,Guatemala,Y,USD,2020-04-24T00:00:00Z,2025-12-31T00:00:00Z,Active
USP5015VAF33,GUATEM 4.50% 2026-05-03 USD,4.50% NT REDEEM 03/05/2026 USD 200000 - Reg S,99.757,5.207723,5.215942,4.5,Government,2026-05-03,Guatemala,N,USD,2016-05-03T00:00:00Z,2025-12-31T00:00:00Z,Active
US401494AN97,GUATEM 4.50% 2026-05-03 USD,4.50% BD REDEEM 03/05/2026 USD 200000 - 144A,99.757,5.207723,5.215942,4.5,Government,2026-05-03,Guatemala,N,USD,2016-05-03T00:00:00Z,2025-12-31T00:00:00Z,Active
USP5015VAH98,GUATEM 4.90% 2030-06-01 USD,4.90% NT REDEEM 01/06/2030 USD 200000 - Reg S,99.585,5.032987,4.974678,4.9,Government,2030-06-01,Guatemala,Y,USD,2019-05-31T00:00:00Z,2025-12-31T00:00:00Z,Active
US401494AQ29,GUATEM 4.90% 2030-06-01 USD,4.90% NT REDEEM 01/06/2030 USD 200000 - 144A,99.585,5.032987,4.974678,4.9,Government,2030-06-01,Guatemala,Y,USD,2019-05-31T00:00:00Z,2025-12-31T00:00:00Z,Active
USP5015VAQ97,GUATEM 6.60% 2036-06-13 USD,6.60% BD REDEEM 13/06/2036 USD 1000 - Reg S,107.277,5.556361,5.483119,6.6,Government,2036-06-13,Guatemala,Y,USD,2023-06-13T00:00:00Z,2025-12-31T00:00:00Z,Active
US401494AW96,GUATEM 6.60% 2036-06-13 USD,6.60% BD REDEEM 13/06/2036 USD 200000 - 144A,107.277,5.556361,5.483119,6.6,Government,2036-06-13,Guatemala,Y,USD,2023-06-13T00:00:00Z,2025-12-31T00:00:00Z,Active
USP5015VAP15,GUATEM 5.25% 2029-08-10 USD,5.25% BD REDEEM 10/08/2029 USD 200000 - Reg S,100.969,4.952062,4.89514,5.25,Government,2029-08-10,Guatemala,Y,USD,2022-08-10T00:00:00Z,2025-12-31T00:00:00Z,Active
US401494AV14,GUATEM 5.25% 2029-08-10 USD,5.25% BD REDEEM 10/08/2029 USD 200000 - 144A,100.969,4.952062,4.89514,5.25,Government,2029-08-10,Guatemala,Y,USD,2022-08-10T00:00:00Z,2025-12-31T00:00:00Z,Active
USP5015VAE67,GUATEM 4.88% 2028-02-13 USD,4.875% NT REDEEM 13/02/2028 USD 200000 - Reg S,100.172,4.786258,4.73086,4.875,Government,2028-02-13,Guatemala,N,USD,2013-02-13T00:00:00Z,2025-12-31T00:00:00Z,Active
US401494AF63,GUATEM 4.88% 2028-02-13 USD,4.875% NT REDEEM 13/02/2028 USD 200000 - 144A,100.172,4.786258,4.73086,4.875,Government,2028-02-13,Guatemala,N,USD,2013-02-13T00:00:00Z,2025-12-31T00:00:00Z,Active
USP5015VAT37,GUATEM 6.05% 2031-08-06 USD,6.05% BD REDEEM 06/08/2031 USD 1000,104.323,5.150176,5.088094,6.05,Government,2031-08-06,Guatemala,Y,USD,2024-08-06T00:00:00Z,2025-12-31T00:00:00Z,Active
US401494AY52,GUATEM 6.05% 2031-08-06 USD,6.05% BD REDEEM 06/08/2031 USD - 144A,104.323,5.150176,5.088094,6.05,Government,2031-08-06,Guatemala,Y,USD,2024-08-06T00:00:00Z,2025-12-31T00:00:00Z,Active
USP5015VAR70,GUATEM 7.05% 2032-10-04 USD,7.05% BD REDEEM 04/10/2032 USD 1000,109.693,5.322063,5.254251,7.05,Government,2032-10-04,Guatemala,,USD,2023-10-04T00:00:00Z,2025-12-31T00:00:00Z,Active
US401494AX79,GUATEM 7.05% 2032-10-04 USD,7.05% BD REDEEM 04/10/2032 USD 200000,109.693,5.322063,5.254251,7.05,Government,2032-10-04,Guatemala,Y,USD,2023-10-04T00:00:00Z,2025-12-31T00:00:00Z,Active
USP5015VAG16,GUATEM 4.38% 2027-06-05 USD,4.375% NT REDEEM 05/06/2027 USD 200000 - Reg S,99.262,4.913253,4.86799,4.375,Government,2027-06-05,Guatemala,N,USD,2017-06-05T00:00:00Z,2025-12-31T00:00:00Z,Active
US401494AP46,GUATEM 4.38% 2027-06-05 USD,4.375% NT REDEEM 05/06/2027 USD 200000 - Reg 144A,99.262,4.913253,4.86799,4.375,Government,2027-06-05,Guatemala,N,USD,2017-06-05T00:00:00Z,2025-12-31T00:00:00Z,Active
USP8056GAB97,GUATEM 8.13% 2034-10-06 USD,8.125% NT REDEEM 06/10/2034 USD 10000 - Reg S,114.883,5.922056,5.838571,8.125,Government,2034-10-06,Guatemala,N,USD,2004-10-06T00:00:00Z,2025-12-31T00:00:00Z,Active
US401494AD16,GUATEM 8.13% 2034-10-06 USD,8.125% NT REDEEM 06/10/2034 USD 10000 - 144A,114.883,5.922056,5.838571,8.125,Government,2034-10-06,Guatemala,N,USD,2004-10-06T00:00:00Z,2025-12-31T00:00:00Z,Active
US401494BB41,GUATEM 6.88% 2055-08-15 USD,6.875% NT REDEEM 15/08/2055 USD - 144A,106.765,6.363607,6.265141,6.875,Government,2055-08-15,Guatemala,Y,USD,2025-07-15T00:00:00Z,2025-12-31T00:00:00Z,Active
USP5015VAV82,GUATEM 6.88% 2055-08-15 USD,6.875% NT REDEEM 15/08/2055 USD 1000 - Reg S,106.765,6.363607,6.265141,6.875,Government,2055-08-15,Guatemala,Y,USD,2025-07-15T00:00:00Z,2025-12-31T00:00:00Z,Active
USP5015VAM83,GUATEM 3.70% 2033-10-07 USD,3.70% NT REDEEM 07/10/2033 USD 200000 - Reg S,89.158,5.427998,5.357456,3.7,Government,2033-10-07,Guatemala,Y,USD,2021-10-07T00:00:00Z,2025-12-31T00:00:00Z,Active
US401494AT67,GUATEM 3.70% 2033-10-07 USD,3.70% NT REDEEM 07/10/2033 USD 200000 - 144A,89.158,5.427998,5.357456,3.7,Government,2033-10-07,Guatemala,Y,USD,2021-10-07T00:00:00Z,2025-12-31T00:00:00Z,Active
USP5015VAJ54,GUATEM 6.13% 2050-06-01 USD,6.125% NT REDEEM 01/06/2050 USD 200000 - Reg S,97.642,6.318781,6.222134,6.125,Government,2050-06-01,Guatemala,Y,USD,2019-05-31T00:00:00Z,2025-12-31T00:00:00Z,Active
US401494AR02,GUATEM 6.13% 2050-06-01 USD,6.125% NT REDEEM 01/06/2050 USD 200000 - 144A,97.642,6.318781,6.222134,6.125,Government,2050-06-01,Guatemala,Y,USD,2019-05-31T00:00:00Z,2025-12-31T00:00:00Z,Active
USP5015VAN66,GUATEM 4.65% 2041-10-07 USD,4.65% NT REDEEM 07/10/2041 USD 200000 - Reg S,85.958,6.042702,5.954552,4.65,Government,2041-10-07,Guatemala,Y,USD,2021-10-07T00:00:00Z,2025-12-31T00:00:00Z,Active
US401494AU31,GUATEM 4.65% 2041-10-07 USD,4.65% NT REDEEM 07/10/2041 USD 200000 - 144A,85.958,6.042702,5.954552,4.65,Government,2041-10-07,Guatemala,Y,USD,2021-10-07T00:00:00Z,2025-12-31T00:00:00Z,Active
